<?xml version="1.0"?>

<portlet-app xmlns="http://java.sun.com/xml/ns/portlet/portlet-app_2_0.xsd" xmlns:xsi="http://www.w3.org/2001/XMLSchema-instance" xsi:schemaLocation="http://java.sun.com/xml/ns/portlet/portlet-app_2_0.xsd http://java.sun.com/xml/ns/portlet/portlet-app_2_0.xsd" version="2.0">
	<portlet>
		<portlet-name>custom-field-demo</portlet-name>
		<display-name>Custom Field Demo</display-name>
		<portlet-class>com.proliferay.portlet.BookPortlet</portlet-class>
		<init-param>
			<name>view-template</name>
			<value>/html/view.jsp</value>
		</init-param>
		<init-param>
			<name>add-process-action-success-action</name>
			<value>false</value>
		</init-param>
		<expiration-cache>0</expiration-cache>
		<supports>
			<mime-type>text/html</mime-type>
		</supports>
		<portlet-info>
			<title>Custom Field Demo</title>
			<short-title>Custom Field Demo</short-title>
			<keywords>Custom Field Demo</keywords>
		</portlet-info>
		<security-role-ref>
			<role-name>administrator</role-name>
		</security-role-ref>
		<security-role-ref>
			<role-name>guest</role-name>
		</security-role-ref>
		<security-role-ref>
			<role-name>power-user</role-name>
		</security-role-ref>
		<security-role-ref>
			<role-name>user</role-name>
		</security-role-ref>
	</portlet>
</portlet-app>