<?xml version="1.0"?>
<!DOCTYPE hibernate-mapping PUBLIC "-//Hibernate/Hibernate Mapping DTD 3.0//EN" "http://hibernate.sourceforge.net/hibernate-mapping-3.0.dtd">

<hibernate-mapping default-lazy="false" auto-import="false">
	<import class="com.proliferay.sbuilder.example.custom.field.model.Book" />
	<class name="com.proliferay.sbuilder.example.custom.field.model.impl.BookImpl" table="CUSTOMFILELD_DEMO_PORTLET">
		<cache usage="read-write" />
		<id name="bookId" type="long">
			<generator class="increment" />
		</id>
		<property name="bookName" type="com.liferay.portal.dao.orm.hibernate.StringType" />
		<property name="description" type="com.liferay.portal.dao.orm.hibernate.StringType" />
		<property name="authorName" type="com.liferay.portal.dao.orm.hibernate.StringType" />
		<property name="isbn" type="com.liferay.portal.dao.orm.hibernate.IntegerType" />
		<property name="price" type="com.liferay.portal.dao.orm.hibernate.IntegerType" />
	</class>
</hibernate-mapping>