<?xml version="1.0"?>

<entity-mappings xmlns="http://java.sun.com/xml/ns/persistence/orm" xmlns:xsi="http://www.w3.org/2001/XMLSchema-instance" version="1.0" xsi:schemaLocation="http://java.sun.com/xml/ns/persistence/orm http://java.sun.com/xml/ns/persistence/orm_1_0.xsd">
	<persistence-unit-metadata>
		<xml-mapping-metadata-complete/>
		<persistence-unit-defaults>
			<access>PROPERTY</access>
		</persistence-unit-defaults>
	</persistence-unit-metadata>
	<mapped-superclass class="com.proliferay.sbuilder.example.custom.field.model.impl.BookModelImpl">
		<attributes>
			<id name="bookId" />
			<basic name="bookName" />
			<basic name="description" />
			<basic name="authorName" />
			<basic name="isbn" />
			<basic name="price" />
			<transient name="modelAttributes" />
			<transient name="primaryKey" />
			<transient name="primaryKeyObj" />
		</attributes>
	</mapped-superclass>
	<entity class="com.proliferay.sbuilder.example.custom.field.model.impl.BookImpl" name="Book">
		<table name="CUSTOMFILELD_DEMO_PORTLET" />
		<attributes />
	</entity>
</entity-mappings>